{
  "cacheBootResources": true,
  "config": [ ],
  "debugBuild": false,
  "entryAssembly": "BethanysPieShopHRM.App",
  "linkerEnabled": true,
  "resources": {
    "assembly": {
      "BethanysPieShopHRM.App.dll": "sha256-YesR4CREROtsFXOHkoOXYp4r2dhpLZVUtZpFr\/sdQTI=",
      "BethanysPieShopHRM.Shared.dll": "sha256-8y6Rg50vuJjLsS66KHLSv4L54Vm8ToNxWGzRozV\/1Ec=",
      "Microsoft.AspNetCore.Components.dll": "sha256-u3QTmbtMDB9BJzbaMeyDZWIHJpLeS\/w3jnRKmSCfXAo=",
      "Microsoft.AspNetCore.Components.Web.dll": "sha256-WQ8f5j\/Sfo45+RH1N\/ZWXUo9es9DvhRjBzB4BRVF0UM=",
      "Microsoft.AspNetCore.Components.WebAssembly.dll": "sha256-rh16i1aCDPMBJAcAq59sh1uHf9tkOAayjw5oViNnYYI=",
      "Microsoft.Bcl.AsyncInterfaces.dll": "sha256-jzHgXWAvWMkKIGFjZoT84tbe72E+H7CvTr\/Dryh4QPs=",
      "Microsoft.Extensions.Configuration.Abstractions.dll": "sha256-10NjU+aZbJyJTOPGBYN2+L1zgxZsiTx\/IIy+38CaE08=",
      "Microsoft.Extensions.Configuration.dll": "sha256-C\/jib4dgWl7f4mFCZ6MMStmQ0rYKyMXTAPESw3yFk\/E=",
      "Microsoft.Extensions.Configuration.Json.dll": "sha256-bm3vgovbIPo\/hsJ6JFrhzigBuxd4CRM0PIk8PirsTpQ=",
      "Microsoft.Extensions.DependencyInjection.Abstractions.dll": "sha256-ka\/94B9Vzdt8W2HhsAPBQYMtC7I6f69BKAEKywEfI0s=",
      "Microsoft.Extensions.DependencyInjection.dll": "sha256-k2xsF0cFO4qvkTV7YUADumPG34YUVVydDbWFIs9SOxU=",
      "Microsoft.Extensions.Logging.Abstractions.dll": "sha256-ODtSV1ddji5uPdbtDHoUQxrEOFBzXIjBQ7KvZln68BQ=",
      "Microsoft.Extensions.Logging.dll": "sha256-qMia7iMdlKE8h7Dunkqo8pTqTtiZV27+KEG8H680ktU=",
      "Microsoft.Extensions.Options.dll": "sha256-Ex6zsRGhnrYhA9oWJ23WZp6WkU5h3wVK3E4y3B90Xwg=",
      "Microsoft.Extensions.Primitives.dll": "sha256-I0pxyQwdV5uFy7oIhzNmqPELXvOHuTR7P01x2lh2E\/U=",
      "Microsoft.JSInterop.dll": "sha256-GFqkJmxwbf7WMrZ+MCRzaOADzSsVQ9tcMrMt19fsEeo=",
      "Microsoft.JSInterop.WebAssembly.dll": "sha256-UZa5CS19ZrbM6Csnl8CUIQucvmKMc4TughggTxKhx\/I=",
      "mscorlib.dll": "sha256-a2y2xIzzB1pKylJz40cCLAU0ddVwfvWuUGUyztnc9Dk=",
      "System.Core.dll": "sha256-0XsxFlqntQoRVopshRpNJptfW1YLXh8EPhDJZwbyzng=",
      "System.dll": "sha256-8J3D4EzNmZhabBEqsPbuaoEr0B0RbQGM5XRAE1Tbk+k=",
      "System.Net.Http.dll": "sha256-t\/veN3p6f6oBcIoyV69WaV025JEiImS3yyTTa+D6qcA=",
      "System.Net.Http.WebAssemblyHttpHandler.dll": "sha256-KLi9iH0F86BEzvpApHPCoO082a9BsZMpOKmiurUbvH4=",
      "System.Runtime.CompilerServices.Unsafe.dll": "sha256-SOXplbsW9LvWsCxgFdMXk5LfnSj6CI3Sh1MNKpCIF\/Q=",
      "System.Text.Encodings.Web.dll": "sha256-2BYpWLfCcCPIWgaHBaPuqBN3C2VhmcEPvvSLOSpce8o=",
      "System.Text.Json.dll": "sha256-FtTWJlRe6Wr+lzY2qwfkDmjs0GrLXDxA7XYoIioeOGc=",
      "WebAssembly.Bindings.dll": "sha256-1\/u31cc5nMNfMqleK05bAeakgP\/N\/QrK0R7EpPMBtV8="
    },
    "pdb": null,
    "runtime": {
      "dotnet.3.2.0.js": "sha256-mPoqx7XczFHBWk3gRNn0hc9ekG1OvkKY4XiKRY5Mj5U=",
      "dotnet.timezones.dat": "sha256-3S0qzYaBEKOBXarzVLNzNAFXlwJr6nI3lFlYUpQTPH8=",
      "dotnet.wasm": "sha256-UC\/3Rm1NkdNdlIrzYARo+dO\/HDlS5mhPxo0IQv7kma8="
    },
    "satelliteResources": null
  }
}